source_page,pair_count,covered,page_kind
concepts,2,yes,concept
concepts_architecture,16,yes,concept
concepts_architecture_cgroups,9,yes,concept
concepts_architecture_control-plane-node-communication,9,yes,concept
concepts_architecture_garbage-collection,9,yes,concept
concepts_architecture_mixed-version-proxy,6,yes,concept
concepts_cluster-administration,1,yes,concept
concepts_cluster-administration_addons,4,yes,concept
concepts_cluster-administration_admission-webhooks-good-practices,11,yes,concept
concepts_cluster-administration_coordinated-leader-election,8,yes,concept
concepts_cluster-administration_dra,9,yes,concept
concepts_cluster-administration_flow-control,10,yes,concept
concepts_cluster-administration_kube-state-metrics,5,yes,concept
concepts_cluster-administration_logging,11,yes,concept
concepts_cluster-administration_observability,9,yes,concept
concepts_cluster-administration_system-logs,16,yes,concept
concepts_cluster-administration_system-traces,9,yes,concept
concepts_configuration_liveness-readiness-startup-probes,7,yes,concept
concepts_configuration_manage-resources-containers,13,yes,concept
concepts_configuration_organize-cluster-access-kubeconfig,8,yes,concept
concepts_configuration_windows-resource-management,6,yes,concept
concepts_containers_container-environment,6,yes,concept
concepts_containers_container-lifecycle-hooks,12,yes,concept
concepts_containers_cri,6,yes,concept
concepts_containers_images,22,yes,concept
concepts_extend-kubernetes,22,yes,concept
concepts_extend-kubernetes_api-extension,3,yes,concept
concepts_extend-kubernetes_api-extension_apiserver-aggregation,4,yes,concept
concepts_extend-kubernetes_compute-storage-net,4,yes,concept
concepts_extend-kubernetes_compute-storage-net_device-plugins,14,yes,concept
concepts_extend-kubernetes_compute-storage-net_network-plugins,6,yes,concept
concepts_extend-kubernetes_operator,8,yes,concept
concepts_overview,12,yes,concept
concepts_overview_components,4,yes,concept
concepts_overview_kubectl,8,yes,concept
concepts_overview_kubernetes-api,12,yes,concept
concepts_overview_working-with-objects_annotations,7,yes,concept
concepts_overview_working-with-objects_common-labels,7,yes,concept
concepts_overview_working-with-objects_finalizers,7,yes,concept
concepts_overview_working-with-objects_names,6,yes,concept
concepts_overview_working-with-objects_namespaces,10,yes,concept
concepts_overview_working-with-objects_object-management,7,yes,concept
concepts_policy,8,yes,concept
concepts_policy_limit-range,9,yes,concept
concepts_policy_node-resource-managers,10,yes,concept
concepts_policy_resource-quotas,14,yes,concept
concepts_scheduling-eviction_dynamic-resource-allocation,24,yes,concept
concepts_scheduling-eviction_gang-scheduling,4,yes,concept
concepts_scheduling-eviction_kube-scheduler,8,yes,concept
concepts_scheduling-eviction_node-declared-features,5,yes,concept
concepts_scheduling-eviction_node-pressure-eviction,11,yes,concept
concepts_scheduling-eviction_pod-overhead,8,yes,concept
concepts_scheduling-eviction_resource-bin-packing,6,yes,concept
concepts_scheduling-eviction_scheduling-framework,12,yes,concept
concepts_scheduling-eviction_taint-and-toleration,13,yes,concept
concepts_scheduling-eviction_topology-spread-constraints,9,yes,concept
concepts_security_api-server-bypass-risks,16,yes,concept
concepts_security_hardening-guide_scheduler,11,yes,concept
concepts_security_linux-kernel-security-constraints,10,yes,concept
concepts_security_linux-security,1,yes,concept
concepts_security_pod-security-admission,15,yes,concept
concepts_security_pod-security-policy,2,yes,concept
concepts_security_pod-security-standards,8,yes,concept
concepts_security_rbac-good-practices,15,yes,concept
concepts_security_secrets-good-practices,8,yes,concept
concepts_services-networking_dns-pod-service,10,yes,concept
concepts_services-networking_dual-stack,11,yes,concept
concepts_services-networking_gateway,15,yes,concept
concepts_services-networking_ingress,8,yes,concept
concepts_services-networking_network-policies,12,yes,concept
concepts_services-networking_service,30,yes,concept
concepts_services-networking_windows-networking,12,yes,concept
concepts_storage_ephemeral-volumes,14,yes,concept
concepts_storage_persistent-volumes,21,yes,concept
concepts_storage_projected-volumes,14,yes,concept
concepts_storage_storage-limits,10,yes,concept
concepts_storage_volume-attributes-classes,10,yes,concept
concepts_storage_volume-health-monitoring,7,yes,concept
concepts_storage_volume-pvc-datasource,19,yes,concept
concepts_storage_volume-snapshot-classes,8,yes,concept
concepts_storage_volume-snapshots,15,yes,concept
concepts_storage_volumes,35,yes,concept
concepts_windows,2,yes,concept
concepts_windows_user-guide,13,yes,concept
concepts_workloads_autoscaling,11,yes,concept
concepts_workloads_autoscaling_horizontal-pod-autoscale,20,yes,concept
concepts_workloads_autoscaling_vertical-pod-autoscale,17,yes,concept
concepts_workloads_controllers_cron-jobs,23,yes,concept
concepts_workloads_controllers_deployment,30,yes,concept
concepts_workloads_controllers_job,42,yes,concept
concepts_workloads_controllers_replicaset,13,yes,concept
concepts_workloads_controllers_replicationcontroller,10,yes,concept
concepts_workloads_controllers_statefulset,32,yes,concept
concepts_workloads_controllers_ttlafterfinished,5,yes,concept
concepts_workloads_management,14,yes,concept
concepts_workloads_pods,27,yes,concept
concepts_workloads_pods_advanced-pod-config,15,yes,concept
concepts_workloads_pods_disruptions,13,yes,concept
concepts_workloads_pods_ephemeral-containers,9,yes,concept
concepts_workloads_pods_pod-lifecycle,36,yes,concept
concepts_workloads_pods_sidecar-containers,10,yes,concept
concepts_workloads_pods_user-namespaces,12,yes,concept
concepts_workloads_workload-api_policies,4,yes,concept
contribute,0,no,
contribute_analytics,0,no,
contribute_generate-ref-docs,0,no,
contribute_generate-ref-docs_contribute-upstream,0,no,
contribute_generate-ref-docs_kubectl,0,no,
contribute_generate-ref-docs_metrics-reference,0,no,
contribute_generate-ref-docs_prerequisites-ref-docs,0,no,
contribute_localization,16,yes,guide
contribute_new-content,0,no,
contribute_new-content_case-studies,0,no,
contribute_new-content_new-features,0,no,
contribute_new-content_open-a-pr,0,no,
contribute_new-content_preview-locally,0,no,
contribute_participate,0,no,
contribute_review,0,no,
contribute_review_for-approvers,0,no,
contribute_review_reviewing-prs,0,no,
contribute_style,0,no,
contribute_style_content-organization,0,no,
contribute_style_diagram-guide,0,no,
contribute_style_hugo-shortcodes_index,0,no,
contribute_style_page-content-types,0,no,
home,0,no,
kubernetes_docs_home,0,no,
reference_access-authn-authz,0,no,
reference_access-authn-authz_abac,6,yes,concept
reference_access-authn-authz_admission-controllers,20,yes,concept
reference_access-authn-authz_authentication,20,yes,concept
reference_access-authn-authz_authorization,9,yes,concept
reference_access-authn-authz_bootstrap-tokens,12,yes,concept
reference_access-authn-authz_certificate-signing-requests,20,yes,concept
reference_access-authn-authz_extensible-admission-controllers,12,yes,concept
reference_access-authn-authz_kubelet-authn-authz,9,yes,concept
reference_access-authn-authz_kubelet-tls-bootstrapping,20,yes,reference
reference_access-authn-authz_mutating-admission-policy,7,yes,concept
reference_access-authn-authz_node,5,yes,concept
reference_access-authn-authz_service-accounts-admin,14,yes,concept
reference_access-authn-authz_validating-admission-policy,15,yes,concept
reference_command-line-tools-reference_feature-gates-removed_index,4,yes,reference
reference_command-line-tools-reference_kube-apiserver,20,yes,reference
reference_command-line-tools-reference_kube-controller-manager,6,yes,reference
reference_command-line-tools-reference_kube-proxy,15,yes,reference
reference_command-line-tools-reference_kube-scheduler,11,yes,reference
reference_command-line-tools-reference_kubelet,19,yes,reference
reference_config-api,2,yes,concept_doc
reference_config-api_apiserver-config.v1,12,yes,reference
reference_config-api_apiserver-config.v1alpha1,13,yes,reference
reference_config-api_apiserver-eventratelimit.v1alpha1,4,yes,reference
reference_config-api_client-authentication.v1,2,yes,reference
reference_config-api_client-authentication.v1beta1,1,yes,reference
reference_config-api_imagepolicy.v1alpha1,4,yes,reference
reference_config-api_kube-controller-manager-config.v1alpha1,19,yes,reference
reference_config-api_kube-proxy-config.v1alpha1,6,yes,reference
reference_config-api_kube-scheduler-config.v1,17,yes,reference
reference_config-api_kubeadm-config.v1beta3,11,yes,reference
reference_config-api_kubeadm-config.v1beta4,15,yes,reference
reference_config-api_kubeconfig.v1,12,yes,reference
reference_config-api_kubelet-config.v1,9,yes,reference
reference_config-api_kubelet-config.v1beta1,18,yes,reference
reference_config-api_kubelet-credentialprovider.v1,4,yes,reference
reference_config-api_kuberc.v1alpha1,4,yes,reference
reference_debug-cluster,1,yes,concept_doc
reference_debug-cluster_flow-control,13,yes,concept
reference_encodings_kyaml,5,yes,concept
reference_external-api,1,yes,concept_doc
reference_external-api_custom-metrics.v1beta2,3,yes,concept
reference_external-api_external-metrics.v1beta1,2,yes,concept
reference_external-api_metrics.v1beta1,3,yes,concept
reference_glossary_index,9,yes,concept_doc
reference_instrumentation,2,yes,concept_doc
reference_instrumentation_metrics,4,yes,concept
reference_instrumentation_node-metrics,3,yes,concept
reference_instrumentation_understand-psi-metrics,4,yes,concept
reference_instrumentation_zpages,3,yes,concept
reference_issues-security,1,yes,concept_doc
reference_issues-security_issues,2,yes,concept_doc
reference_issues-security_official-cve-feed,4,yes,concept_doc
reference_issues-security_security,5,yes,concept_doc
reference_kubectl,5,yes,concept_doc
reference_kubectl_docker-cli-to-kubectl,4,yes,generated_cli
reference_kubectl_generated,0,no,
reference_kubectl_generated_kubectl,1,yes,generated_cli
reference_kubectl_generated_kubectl_alpha_kubectl_alpha_kuberc,2,yes,generated_cli
reference_kubectl_generated_kubectl_alpha_kubectl_alpha_kuberc_view,2,yes,generated_cli
reference_kubectl_generated_kubectl_api-resources,3,yes,generated_cli
reference_kubectl_generated_kubectl_api-versions,1,yes,generated_cli
reference_kubectl_generated_kubectl_apply,5,yes,generated_cli
reference_kubectl_generated_kubectl_apply_kubectl_apply_edit-last-applied,2,yes,generated_cli
reference_kubectl_generated_kubectl_apply_kubectl_apply_set-last-applied,2,yes,generated_cli
reference_kubectl_generated_kubectl_apply_kubectl_apply_view-last-applied,2,yes,generated_cli
reference_kubectl_generated_kubectl_attach,6,yes,reference
reference_kubectl_generated_kubectl_auth,1,yes,generated_cli
reference_kubectl_generated_kubectl_auth_kubectl_auth_can-i,3,yes,generated_cli
reference_kubectl_generated_kubectl_auth_kubectl_auth_reconcile,3,yes,generated_cli
reference_kubectl_generated_kubectl_auth_kubectl_auth_whoami,1,yes,generated_cli
reference_kubectl_generated_kubectl_autoscale,10,yes,reference
reference_kubectl_generated_kubectl_certificate_kubectl_certificate_deny,3,yes,generated_cli
reference_kubectl_generated_kubectl_cluster-info,1,yes,generated_cli
reference_kubectl_generated_kubectl_cluster-info_kubectl_cluster-info_dump,4,yes,generated_cli
reference_kubectl_generated_kubectl_completion,2,yes,generated_cli
reference_kubectl_generated_kubectl_config_kubectl_config_current-context,1,yes,generated_cli
reference_kubectl_generated_kubectl_config_kubectl_config_delete-context,1,yes,generated_cli
reference_kubectl_generated_kubectl_config_kubectl_config_get-contexts,1,yes,generated_cli
reference_kubectl_generated_kubectl_config_kubectl_config_set,3,yes,generated_cli
reference_kubectl_generated_kubectl_config_kubectl_config_set-context,2,yes,generated_cli
reference_kubectl_generated_kubectl_config_kubectl_config_set-credentials,2,yes,generated_cli
reference_kubectl_generated_kubectl_config_kubectl_config_unset,1,yes,generated_cli
reference_kubectl_generated_kubectl_config_kubectl_config_view,3,yes,generated_cli
reference_kubectl_generated_kubectl_cordon,1,yes,generated_cli
reference_kubectl_generated_kubectl_cp,3,yes,generated_cli
reference_kubectl_generated_kubectl_create,3,yes,generated_cli
reference_kubectl_generated_kubectl_create_kubectl_create_clusterrole,6,yes,reference
reference_kubectl_generated_kubectl_create_kubectl_create_clusterrolebinding,3,yes,generated_cli
reference_kubectl_generated_kubectl_create_kubectl_create_configmap,3,yes,generated_cli
reference_kubectl_generated_kubectl_create_kubectl_create_cronjob,2,yes,generated_cli
reference_kubectl_generated_kubectl_create_kubectl_create_deployment,3,yes,generated_cli
reference_kubectl_generated_kubectl_create_kubectl_create_ingress,3,yes,generated_cli
reference_kubectl_generated_kubectl_create_kubectl_create_poddisruptionbudget,2,yes,generated_cli
reference_kubectl_generated_kubectl_create_kubectl_create_priorityclass,7,yes,reference
reference_kubectl_generated_kubectl_create_kubectl_create_quota,3,yes,generated_cli
reference_kubectl_generated_kubectl_create_kubectl_create_role,3,yes,generated_cli
reference_kubectl_generated_kubectl_create_kubectl_create_rolebinding,7,yes,reference
reference_kubectl_generated_kubectl_create_kubectl_create_secret,1,yes,generated_cli
reference_kubectl_generated_kubectl_create_kubectl_create_secret_docker-registry,7,yes,reference
reference_kubectl_generated_kubectl_create_kubectl_create_secret_generic,2,yes,generated_cli
reference_kubectl_generated_kubectl_create_kubectl_create_secret_tls,1,yes,generated_cli
reference_kubectl_generated_kubectl_create_kubectl_create_service,0,no,
reference_kubectl_generated_kubectl_create_kubectl_create_service_clusterip,2,yes,generated_cli
reference_kubectl_generated_kubectl_create_kubectl_create_serviceaccount,1,yes,generated_cli
reference_kubectl_generated_kubectl_create_kubectl_create_token,3,yes,generated_cli
reference_kubectl_generated_kubectl_debug,10,yes,reference
reference_kubectl_generated_kubectl_delete,7,yes,reference
reference_kubectl_generated_kubectl_describe,2,yes,generated_cli
reference_kubectl_generated_kubectl_events,2,yes,generated_cli
reference_kubectl_generated_kubectl_exec,6,yes,reference
reference_kubectl_generated_kubectl_explain,3,yes,generated_cli
reference_kubectl_generated_kubectl_expose,14,yes,reference
reference_kubectl_generated_kubectl_kustomize,2,yes,generated_cli
reference_kubectl_generated_kubectl_label,3,yes,generated_cli
reference_kubectl_generated_kubectl_patch,3,yes,generated_cli
reference_kubectl_generated_kubectl_plugin,2,yes,generated_cli
reference_kubectl_generated_kubectl_plugin_kubectl_plugin_list,2,yes,generated_cli
reference_kubectl_generated_kubectl_proxy,4,yes,generated_cli
reference_kubectl_generated_kubectl_replace,2,yes,generated_cli
reference_kubectl_generated_kubectl_rollout,1,yes,generated_cli
reference_kubectl_generated_kubectl_rollout_kubectl_rollout_history,2,yes,generated_cli
reference_kubectl_generated_kubectl_rollout_kubectl_rollout_restart,1,yes,generated_cli
reference_kubectl_generated_kubectl_rollout_kubectl_rollout_resume,2,yes,generated_cli
reference_kubectl_generated_kubectl_run,11,yes,reference
reference_kubectl_generated_kubectl_scale,6,yes,reference
reference_kubectl_generated_kubectl_set,1,yes,generated_cli
reference_kubectl_generated_kubectl_set_kubectl_set_env,5,yes,generated_cli
reference_kubectl_generated_kubectl_set_kubectl_set_image,3,yes,generated_cli
reference_kubectl_generated_kubectl_set_kubectl_set_resources,4,yes,generated_cli
reference_kubectl_generated_kubectl_set_kubectl_set_selector,6,yes,reference
reference_kubectl_generated_kubectl_set_kubectl_set_serviceaccount,2,yes,generated_cli
reference_kubectl_generated_kubectl_set_kubectl_set_subject,3,yes,generated_cli
reference_kubectl_generated_kubectl_taint,4,yes,generated_cli
reference_kubectl_generated_kubectl_top_kubectl_top_node,4,yes,generated_cli
reference_kubectl_generated_kubectl_uncordon,2,yes,generated_cli
reference_kubectl_generated_kubectl_wait,7,yes,generated_cli
reference_kubectl_jsonpath,4,yes,generated_cli
reference_kubectl_kubectl,2,yes,concept_doc
reference_kubectl_kubectl-cmds,2,yes,generated_cli
reference_kubectl_quick-reference,3,yes,concept_doc
reference_kubernetes-api,2,yes,api_schema
reference_kubernetes-api_authentication-resources,2,yes,api_schema
reference_kubernetes-api_authentication-resources_pod-certificate-request-v1beta1,8,yes,api_schema
reference_kubernetes-api_authentication-resources_self-subject-review-v1,4,yes,api_schema
reference_kubernetes-api_authentication-resources_service-account-v1,10,yes,reference
reference_kubernetes-api_authentication-resources_token-request-v1,4,yes,api_schema
reference_kubernetes-api_authentication-resources_token-review-v1,4,yes,api_schema
reference_kubernetes-api_authorization-resources_cluster-role-binding-v1,4,yes,api_schema
reference_kubernetes-api_authorization-resources_cluster-role-v1,10,yes,reference
reference_kubernetes-api_authorization-resources_local-subject-access-review-v1,2,yes,api_schema
reference_kubernetes-api_authorization-resources_role-binding-v1,3,yes,api_schema
reference_kubernetes-api_authorization-resources_role-v1,4,yes,api_schema
reference_kubernetes-api_authorization-resources_self-subject-access-review-v1,3,yes,api_schema
reference_kubernetes-api_authorization-resources_subject-access-review-v1,4,yes,api_schema
reference_kubernetes-api_cluster-resources,1,yes,api_schema
reference_kubernetes-api_cluster-resources_api-service-v1,4,yes,api_schema
reference_kubernetes-api_cluster-resources_ip-address-v1,8,yes,reference
reference_kubernetes-api_cluster-resources_lease-v1,2,yes,api_schema
reference_kubernetes-api_cluster-resources_namespace-v1,3,yes,api_schema
reference_kubernetes-api_cluster-resources_node-v1,3,yes,api_schema
reference_kubernetes-api_common-definitions_label-selector,4,yes,api_schema
reference_kubernetes-api_common-definitions_list-meta,3,yes,api_schema
reference_kubernetes-api_common-definitions_local-object-reference,1,yes,api_schema
reference_kubernetes-api_common-definitions_node-selector-requirement,2,yes,api_schema
reference_kubernetes-api_common-definitions_object-field-selector,2,yes,api_schema
reference_kubernetes-api_common-definitions_object-meta,4,yes,api_schema
reference_kubernetes-api_common-definitions_typed-local-object-reference,1,yes,api_schema
reference_kubernetes-api_common-parameters_common-parameters,5,yes,api_schema
reference_kubernetes-api_config-and-storage-resources,1,yes,api_schema
reference_kubernetes-api_config-and-storage-resources_config-map-v1,4,yes,api_schema
reference_kubernetes-api_config-and-storage-resources_csi-driver-v1,4,yes,api_schema
reference_kubernetes-api_config-and-storage-resources_csi-node-v1,12,yes,reference
reference_kubernetes-api_config-and-storage-resources_csi-storage-capacity-v1,3,yes,api_schema
reference_kubernetes-api_config-and-storage-resources_persistent-volume-v1,11,yes,reference
reference_kubernetes-api_config-and-storage-resources_secret-v1,3,yes,api_schema
reference_kubernetes-api_config-and-storage-resources_storage-class-v1,4,yes,api_schema
reference_kubernetes-api_config-and-storage-resources_storage-version-migration-v1beta1,2,yes,api_schema
reference_kubernetes-api_config-and-storage-resources_volume,4,yes,api_schema
reference_kubernetes-api_config-and-storage-resources_volume-attachment-v1,4,yes,api_schema
reference_kubernetes-api_extend-resources,1,yes,api_schema
reference_kubernetes-api_extend-resources_custom-resource-definition-v1,5,yes,api_schema
reference_kubernetes-api_extend-resources_device-class-v1,2,yes,api_schema
reference_kubernetes-api_extend-resources_mutating-webhook-configuration-v1,4,yes,api_schema
reference_kubernetes-api_extend-resources_validating-webhook-configuration-v1,1,yes,api_schema
reference_kubernetes-api_other-resources_mutating-admission-policy-binding-list-v1beta1,0,no,
reference_kubernetes-api_policy-resources,3,yes,api_schema
reference_kubernetes-api_policy-resources_flow-schema-v1,17,yes,reference
reference_kubernetes-api_policy-resources_limit-range-v1,3,yes,api_schema
reference_kubernetes-api_policy-resources_mutating-admission-policy-binding-v1alpha1,4,yes,api_schema
reference_kubernetes-api_policy-resources_mutating-admission-policy-v1beta1,10,yes,reference
reference_kubernetes-api_policy-resources_network-policy-v1,4,yes,api_schema
reference_kubernetes-api_policy-resources_priority-level-configuration-v1,5,yes,api_schema
reference_kubernetes-api_policy-resources_resource-quota-v1,3,yes,api_schema
reference_kubernetes-api_policy-resources_validating-admission-policy-binding-v1,5,yes,api_schema
reference_kubernetes-api_policy-resources_validating-admission-policy-v1,4,yes,api_schema
reference_kubernetes-api_service-resources_ingress-v1,15,yes,reference
reference_kubernetes-api_service-resources_service-v1,6,yes,api_schema
reference_kubernetes-api_workload-resources,3,yes,api_schema
reference_kubernetes-api_workload-resources_cron-job-v1,3,yes,api_schema
reference_kubernetes-api_workload-resources_deployment-v1,4,yes,api_schema
reference_kubernetes-api_workload-resources_horizontal-pod-autoscaler-v2,4,yes,api_schema
reference_kubernetes-api_workload-resources_job-v1,5,yes,api_schema
reference_kubernetes-api_workload-resources_pod-template-v1,1,yes,api_schema
reference_kubernetes-api_workload-resources_pod-v1,25,yes,reference
reference_kubernetes-api_workload-resources_priority-class-v1,2,yes,api_schema
reference_kubernetes-api_workload-resources_replica-set-v1,1,yes,api_schema
reference_kubernetes-api_workload-resources_resource-claim-template-v1,2,yes,api_schema
reference_kubernetes-api_workload-resources_resource-claim-v1,3,yes,api_schema
reference_kubernetes-api_workload-resources_resource-slice-v1,6,yes,api_schema
reference_kubernetes-api_workload-resources_stateful-set-v1,9,yes,reference
reference_kubernetes-api_workload-resources_workload-v1alpha1,4,yes,api_schema
reference_labels-annotations-taints,9,yes,reference
reference_networking_ports-and-protocols,3,yes,reference
reference_networking_virtual-ips,18,yes,reference
reference_node_kernel-version-requirements,1,yes,concept
reference_node_kubelet-config-directory-merging,2,yes,concept
reference_node_kubelet-files,7,yes,concept
reference_node_node-labels,1,yes,concept
reference_node_seccomp,4,yes,concept
reference_node_swap-behavior,1,yes,concept
reference_node_systemd-watchdog,4,yes,concept
reference_scheduling_config,8,yes,reference
reference_setup-tools_kubeadm_generated_kubeadm,1,yes,generated_cli
reference_setup-tools_kubeadm_generated_kubeadm_certs,1,yes,generated_cli
reference_setup-tools_kubeadm_generated_kubeadm_certs_kubeadm_certs_check-expiration,2,yes,generated_cli
reference_setup-tools_kubeadm_generated_kubeadm_certs_kubeadm_certs_generate-csr,3,yes,generated_cli
reference_setup-tools_kubeadm_generated_kubeadm_certs_kubeadm_certs_renew,1,yes,generated_cli
reference_setup-tools_kubeadm_generated_kubeadm_certs_kubeadm_certs_renew_admin.conf,2,yes,generated_cli
reference_setup-tools_kubeadm_generated_kubeadm_certs_kubeadm_certs_renew_all,4,yes,generated_cli
reference_setup-tools_kubeadm_generated_kubeadm_certs_kubeadm_certs_renew_apiserver,2,yes,generated_cli
reference_setup-tools_kubeadm_generated_kubeadm_certs_kubeadm_certs_renew_apiserver-etcd-client,1,yes,generated_cli
reference_setup-tools_kubeadm_generated_kubeadm_certs_kubeadm_certs_renew_apiserver-kubelet-client,1,yes,generated_cli
reference_setup-tools_kubeadm_generated_kubeadm_certs_kubeadm_certs_renew_controller-manager.conf,1,yes,generated_cli
reference_setup-tools_kubeadm_generated_kubeadm_certs_kubeadm_certs_renew_etcd-peer,1,yes,generated_cli
reference_setup-tools_kubeadm_generated_kubeadm_certs_kubeadm_certs_renew_scheduler.conf,1,yes,generated_cli
reference_setup-tools_kubeadm_generated_kubeadm_certs_kubeadm_certs_renew_super-admin.conf,1,yes,generated_cli
reference_setup-tools_kubeadm_generated_kubeadm_completion,4,yes,generated_cli
reference_setup-tools_kubeadm_generated_kubeadm_config,3,yes,generated_cli
reference_setup-tools_kubeadm_generated_kubeadm_config_kubeadm_config_images_pull,4,yes,generated_cli
reference_setup-tools_kubeadm_generated_kubeadm_config_kubeadm_config_migrate,3,yes,generated_cli
reference_setup-tools_kubeadm_generated_kubeadm_config_kubeadm_config_print_init-defaults,3,yes,generated_cli
reference_setup-tools_kubeadm_generated_kubeadm_config_kubeadm_config_print_join-defaults,1,yes,generated_cli
reference_setup-tools_kubeadm_generated_kubeadm_config_kubeadm_config_print_reset-defaults,1,yes,generated_cli
reference_setup-tools_kubeadm_generated_kubeadm_config_kubeadm_config_print_upgrade-defaults,1,yes,generated_cli
reference_setup-tools_kubeadm_generated_kubeadm_init,9,yes,generated_cli
reference_setup-tools_kubeadm_generated_kubeadm_init_kubeadm_init_phase,1,yes,generated_cli
reference_setup-tools_kubeadm_generated_kubeadm_init_kubeadm_init_phase_addon_all,1,yes,generated_cli
reference_setup-tools_kubeadm_generated_kubeadm_init_kubeadm_init_phase_addon_coredns,2,yes,generated_cli
reference_setup-tools_kubeadm_generated_kubeadm_init_kubeadm_init_phase_addon_kube-proxy,1,yes,generated_cli
reference_setup-tools_kubeadm_generated_kubeadm_init_kubeadm_init_phase_certs_all,1,yes,generated_cli
reference_setup-tools_kubeadm_generated_kubeadm_init_kubeadm_init_phase_certs_apiserver,2,yes,generated_cli
reference_setup-tools_kubeadm_generated_kubeadm_init_kubeadm_init_phase_certs_etcd-ca,1,yes,generated_cli
reference_setup-tools_kubeadm_generated_kubeadm_init_kubeadm_init_phase_certs_etcd-healthcheck-client,1,yes,generated_cli
reference_setup-tools_kubeadm_generated_kubeadm_init_kubeadm_init_phase_certs_front-proxy-client,1,yes,generated_cli
reference_setup-tools_kubeadm_generated_kubeadm_init_kubeadm_init_phase_certs_sa,2,yes,generated_cli
reference_setup-tools_kubeadm_generated_kubeadm_init_kubeadm_init_phase_control-plane,1,yes,generated_cli
reference_setup-tools_kubeadm_generated_kubeadm_init_kubeadm_init_phase_control-plane_all,1,yes,generated_cli
reference_setup-tools_kubeadm_generated_kubeadm_init_kubeadm_init_phase_control-plane_controller-manager,1,yes,generated_cli
reference_setup-tools_kubeadm_generated_kubeadm_init_kubeadm_init_phase_etcd_local,1,yes,generated_cli
reference_setup-tools_kubeadm_generated_kubeadm_init_kubeadm_init_phase_kubeconfig_controller-manager,2,yes,generated_cli
reference_setup-tools_kubeadm_generated_kubeadm_init_kubeadm_init_phase_kubeconfig_kubelet,2,yes,generated_cli
reference_setup-tools_kubeadm_generated_kubeadm_init_kubeadm_init_phase_kubelet-finalize,1,yes,generated_cli
reference_setup-tools_kubeadm_generated_kubeadm_init_kubeadm_init_phase_kubelet-finalize_all,1,yes,generated_cli
reference_setup-tools_kubeadm_generated_kubeadm_init_kubeadm_init_phase_kubelet-start,1,yes,generated_cli
reference_setup-tools_kubeadm_generated_kubeadm_init_kubeadm_init_phase_preflight,2,yes,generated_cli
reference_setup-tools_kubeadm_generated_kubeadm_init_kubeadm_init_phase_show-join-command,1,yes,generated_cli
reference_setup-tools_kubeadm_generated_kubeadm_init_kubeadm_init_phase_upload-config_kubelet,2,yes,generated_cli
reference_setup-tools_kubeadm_generated_kubeadm_join,8,yes,generated_cli
reference_setup-tools_kubeadm_generated_kubeadm_join_kubeadm_join_phase,1,yes,generated_cli
reference_setup-tools_kubeadm_generated_kubeadm_join_kubeadm_join_phase_control-plane-join,1,yes,generated_cli
reference_setup-tools_kubeadm_generated_kubeadm_join_kubeadm_join_phase_control-plane-prepare_all,3,yes,generated_cli
reference_setup-tools_kubeadm_generated_kubeadm_join_kubeadm_join_phase_control-plane-prepare_certs,2,yes,generated_cli
reference_setup-tools_kubeadm_generated_kubeadm_join_kubeadm_join_phase_control-plane-prepare_download-certs,3,yes,generated_cli
reference_setup-tools_kubeadm_generated_kubeadm_join_kubeadm_join_phase_control-plane-prepare_kubeconfig,1,yes,generated_cli
reference_setup-tools_kubeadm_generated_kubeadm_join_kubeadm_join_phase_etcd-join,1,yes,generated_cli
reference_setup-tools_kubeadm_generated_kubeadm_join_kubeadm_join_phase_preflight,2,yes,generated_cli
reference_setup-tools_kubeadm_generated_kubeadm_join_kubeadm_join_phase_wait-control-plane,1,yes,generated_cli
reference_setup-tools_kubeadm_generated_kubeadm_kubeconfig_kubeadm_kubeconfig_user,3,yes,generated_cli
reference_setup-tools_kubeadm_generated_kubeadm_reset_kubeadm_reset_phase,1,yes,generated_cli
reference_setup-tools_kubeadm_generated_kubeadm_reset_kubeadm_reset_phase_preflight,3,yes,generated_cli
reference_setup-tools_kubeadm_generated_kubeadm_token_kubeadm_token_create,6,yes,generated_cli
reference_setup-tools_kubeadm_generated_kubeadm_token_kubeadm_token_generate,1,yes,generated_cli
reference_setup-tools_kubeadm_generated_kubeadm_token_kubeadm_token_list,1,yes,generated_cli
reference_setup-tools_kubeadm_generated_kubeadm_upgrade,1,yes,generated_cli
reference_setup-tools_kubeadm_generated_kubeadm_upgrade_kubeadm_upgrade_apply_phase_addon,1,yes,generated_cli
reference_setup-tools_kubeadm_generated_kubeadm_upgrade_kubeadm_upgrade_apply_phase_addon_coredns,1,yes,generated_cli
reference_setup-tools_kubeadm_generated_kubeadm_upgrade_kubeadm_upgrade_apply_phase_addon_kube-proxy,1,yes,generated_cli
reference_setup-tools_kubeadm_generated_kubeadm_upgrade_kubeadm_upgrade_apply_phase_bootstrap-token,1,yes,generated_cli
reference_setup-tools_kubeadm_generated_kubeadm_upgrade_kubeadm_upgrade_apply_phase_control-plane,3,yes,generated_cli
reference_setup-tools_kubeadm_generated_kubeadm_upgrade_kubeadm_upgrade_apply_phase_post-upgrade,1,yes,generated_cli
reference_setup-tools_kubeadm_generated_kubeadm_upgrade_kubeadm_upgrade_apply_phase_upload-config,1,yes,generated_cli
reference_setup-tools_kubeadm_generated_kubeadm_upgrade_kubeadm_upgrade_apply_phase_upload-config_all,1,yes,generated_cli
reference_setup-tools_kubeadm_generated_kubeadm_upgrade_kubeadm_upgrade_apply_phase_upload-config_kubelet,1,yes,generated_cli
reference_setup-tools_kubeadm_generated_kubeadm_upgrade_kubeadm_upgrade_node,1,yes,generated_cli
reference_setup-tools_kubeadm_generated_kubeadm_upgrade_kubeadm_upgrade_node_phase,1,yes,generated_cli
reference_setup-tools_kubeadm_generated_kubeadm_upgrade_kubeadm_upgrade_node_phase_addon,1,yes,generated_cli
reference_setup-tools_kubeadm_generated_kubeadm_upgrade_kubeadm_upgrade_node_phase_addon_all,1,yes,generated_cli
reference_setup-tools_kubeadm_generated_kubeadm_upgrade_kubeadm_upgrade_node_phase_kubelet-config,1,yes,generated_cli
reference_setup-tools_kubeadm_generated_kubeadm_upgrade_kubeadm_upgrade_node_phase_post-upgrade,1,yes,generated_cli
reference_setup-tools_kubeadm_generated_kubeadm_upgrade_kubeadm_upgrade_node_phase_preflight,1,yes,generated_cli
reference_setup-tools_kubeadm_generated_kubeadm_upgrade_kubeadm_upgrade_plan,3,yes,generated_cli
reference_setup-tools_kubeadm_implementation-details,22,yes,reference
reference_setup-tools_kubeadm_kubeadm-alpha,0,no,
reference_setup-tools_kubeadm_kubeadm-certs,5,yes,concept_doc
reference_setup-tools_kubeadm_kubeadm-config,5,yes,concept_doc
reference_setup-tools_kubeadm_kubeadm-init,16,yes,reference
reference_setup-tools_kubeadm_kubeadm-init-phase,5,yes,concept_doc
reference_setup-tools_kubeadm_kubeadm-join,5,yes,concept_doc
reference_setup-tools_kubeadm_kubeadm-join-phase,4,yes,concept_doc
reference_setup-tools_kubeadm_kubeadm-kubeconfig,2,yes,concept_doc
reference_setup-tools_kubeadm_kubeadm-reset-phase,3,yes,concept_doc
reference_setup-tools_kubeadm_kubeadm-upgrade-phase,1,yes,concept_doc
reference_setup-tools_kubeadm_kubeadm-version,1,yes,concept_doc
reference_using-api_api-concepts,18,yes,reference
reference_using-api_cel,6,yes,reference
reference_using-api_client-libraries,1,yes,reference
reference_using-api_declarative-validation,14,yes,reference
reference_using-api_deprecation-guide,5,yes,reference
reference_using-api_deprecation-policy,3,yes,reference
reference_using-api_server-side-apply,36,yes,reference
setup_best-practices,0,no,
setup_best-practices_certificates,5,yes,concept
setup_best-practices_cluster-large,10,yes,guide
setup_best-practices_multiple-zones,4,yes,concept
setup_best-practices_node-conformance,4,yes,concept
setup_learning-environment,2,yes,concept
setup_production-environment,8,yes,concept
setup_production-environment_tools,0,no,
setup_production-environment_tools_kubeadm_create-cluster-kubeadm,14,yes,concept
setup_production-environment_tools_kubeadm_dual-stack-support,4,yes,concept
setup_production-environment_tools_kubeadm_high-availability,8,yes,concept
setup_production-environment_tools_kubeadm_install-kubeadm,6,yes,concept
setup_production-environment_tools_kubeadm_kubelet-integration,6,yes,concept
setup_production-environment_tools_kubeadm_troubleshooting-kubeadm,19,yes,guide
setup_production-environment_turnkey-solutions,0,no,
tasks,0,no,task
tasks_access-application-cluster,1,yes,task
tasks_access-application-cluster_access-cluster,5,yes,concept
tasks_access-application-cluster_access-cluster-services,3,yes,concept
tasks_access-application-cluster_configure-access-multiple-clusters,6,yes,concept
tasks_access-application-cluster_create-external-load-balancer,4,yes,concept
tasks_access-application-cluster_list-all-running-container-images,2,yes,concept
tasks_access-application-cluster_port-forward-access-application-cluster,3,yes,concept
tasks_access-application-cluster_web-ui-dashboard,4,yes,concept
tasks_administer-cluster,0,no,
tasks_administer-cluster_access-cluster-api,4,yes,concept
tasks_administer-cluster_change-default-storage-class,3,yes,concept
tasks_administer-cluster_change-pv-access-mode-readwriteoncepod,4,yes,concept
tasks_administer-cluster_cluster-upgrade,6,yes,concept
tasks_administer-cluster_configure-feature-gates,4,yes,concept
tasks_administer-cluster_configure-upgrade-etcd,12,yes,concept
tasks_administer-cluster_coredns,3,yes,concept
tasks_administer-cluster_developing-cloud-controller-manager,4,yes,concept
tasks_administer-cluster_dns-horizontal-autoscaling,4,yes,concept
tasks_administer-cluster_enable-disable-api,2,yes,concept
tasks_administer-cluster_encrypt-data,11,yes,concept
tasks_administer-cluster_kms-provider,8,yes,concept
tasks_administer-cluster_kubeadm,0,no,
tasks_administer-cluster_kubeadm_configure-cgroup-driver,2,yes,concept
tasks_administer-cluster_kubeadm_kubeadm-certs,23,yes,task
tasks_administer-cluster_kubeadm_kubeadm-reconfigure,1,yes,concept
tasks_administer-cluster_kubeadm_kubeadm-upgrade,1,yes,concept
tasks_administer-cluster_kubeadm_upgrading-linux-nodes,4,yes,concept
tasks_administer-cluster_kubelet-credential-provider,6,yes,concept
tasks_administer-cluster_kubelet-in-userns,7,yes,concept
tasks_administer-cluster_limit-storage-consumption,5,yes,concept
tasks_administer-cluster_manage-resources,0,no,
tasks_administer-cluster_manage-resources_cpu-constraint-namespace,6,yes,concept
tasks_administer-cluster_manage-resources_cpu-default-namespace,5,yes,concept
tasks_administer-cluster_manage-resources_memory-constraint-namespace,5,yes,concept
tasks_administer-cluster_manage-resources_memory-default-namespace,13,yes,task
tasks_administer-cluster_manage-resources_quota-pod-namespace,4,yes,concept
tasks_administer-cluster_migrating-from-dockershim,2,yes,concept
tasks_administer-cluster_migrating-from-dockershim_check-if-dockershim-removal-affects-you,3,yes,concept
tasks_administer-cluster_migrating-from-dockershim_migrating-telemetry-and-security-agents,2,yes,concept
tasks_administer-cluster_migrating-from-dockershim_troubleshooting-cni-plugin-related-errors,3,yes,concept
tasks_administer-cluster_namespaces,13,yes,task
tasks_administer-cluster_network-policy-provider_antrea-network-policy,3,yes,concept
tasks_administer-cluster_network-policy-provider_calico-network-policy,3,yes,concept
tasks_administer-cluster_network-policy-provider_kube-router-network-policy,3,yes,concept
tasks_administer-cluster_node-overprovisioning,4,yes,concept
tasks_administer-cluster_nodelocaldns,6,yes,concept
tasks_administer-cluster_quota-api-object,3,yes,concept
tasks_administer-cluster_reserve-compute-resources,8,yes,concept
tasks_administer-cluster_safely-drain-node,6,yes,concept
tasks_administer-cluster_securing-a-cluster,18,yes,task
tasks_administer-cluster_switch-to-evented-pleg,6,yes,concept
tasks_administer-cluster_sysctl-cluster,7,yes,concept
tasks_administer-cluster_topology-manager,9,yes,concept
tasks_administer-cluster_use-cascading-deletion,6,yes,concept
tasks_administer-cluster_verify-signed-artifacts,7,yes,concept
tasks_configmap-secret,0,no,
tasks_configmap-secret_managing-secret-using-config-file,5,yes,concept
tasks_configmap-secret_managing-secret-using-kubectl,5,yes,concept
tasks_configure-pod-container,1,yes,task
tasks_configure-pod-container_assign-memory-resource,5,yes,concept
tasks_configure-pod-container_assign-pod-level-resources,19,yes,task
tasks_configure-pod-container_assign-pods-nodes-using-node-affinity,2,yes,concept
tasks_configure-pod-container_assign-resources_allocate-devices-dra,5,yes,concept
tasks_configure-pod-container_attach-handler-lifecycle-event,13,yes,task
tasks_configure-pod-container_configure-gmsa,5,yes,concept
tasks_configure-pod-container_configure-liveness-readiness-startup-probes,8,yes,concept
tasks_configure-pod-container_configure-persistent-volume-storage,6,yes,concept
tasks_configure-pod-container_configure-runasusername,4,yes,concept
tasks_configure-pod-container_create-hostprocess-pod,12,yes,task
tasks_configure-pod-container_enforce-standards-namespace-labels,4,yes,concept
tasks_configure-pod-container_image-volumes,3,yes,concept
tasks_configure-pod-container_pull-image-private-registry,3,yes,concept
tasks_configure-pod-container_quality-service-pod,5,yes,concept
tasks_configure-pod-container_resize-pod-resources,4,yes,concept
tasks_configure-pod-container_security-context,8,yes,concept
tasks_configure-pod-container_share-process-namespace,4,yes,concept
tasks_configure-pod-container_translate-compose-kubernetes,4,yes,concept
tasks_configure-pod-container_user-namespaces,4,yes,concept
tasks_debug,0,no,
tasks_debug_debug-application,0,no,
tasks_debug_debug-application_debug-pods,13,yes,task
tasks_debug_debug-application_determine-reason-pod-failure,3,yes,concept
tasks_debug_debug-cluster_audit,14,yes,task
tasks_debug_debug-cluster_kubectl-node-debug,3,yes,concept
tasks_debug_debug-cluster_monitor-node-health,7,yes,concept
tasks_debug_debug-cluster_resource-metrics-pipeline,4,yes,concept
tasks_debug_debug-cluster_resource-usage-monitoring,5,yes,concept
tasks_debug_logging,0,no,
tasks_debug_monitoring,0,no,
tasks_extend-kubectl_kubectl-plugins,6,yes,task
tasks_extend-kubernetes_configure-aggregation-layer,15,yes,task
tasks_extend-kubernetes_configure-multiple-schedulers,7,yes,concept
tasks_extend-kubernetes_custom-resources,0,no,
tasks_extend-kubernetes_custom-resources_custom-resource-definition-versioning,14,yes,task
tasks_extend-kubernetes_custom-resources_custom-resource-definitions,23,yes,concept
tasks_extend-kubernetes_http-proxy-access-api,2,yes,concept
tasks_extend-kubernetes_setup-extension-api-server,3,yes,concept
tasks_extend-kubernetes_socks5-proxy-access-api,4,yes,concept
tasks_inject-data-application_define-command-argument-container,6,yes,concept
tasks_inject-data-application_define-interdependent-environment-variables,4,yes,concept
tasks_inject-data-application_distribute-credentials-secure,7,yes,concept
tasks_inject-data-application_downward-api-volume-expose-pod-information,12,yes,task
tasks_inject-data-application_environment-variable-expose-pod-information,3,yes,concept
tasks_job,0,no,task
tasks_job_automated-tasks-with-cron-jobs,3,yes,concept
tasks_job_coarse-parallel-processing-work-queue,3,yes,concept
tasks_job_fine-parallel-processing-work-queue,2,yes,concept
tasks_job_indexed-parallel-processing-static,4,yes,concept
tasks_job_job-with-pod-to-pod-communication,3,yes,concept
tasks_job_parallel-processing-expansion,10,yes,task
tasks_job_pod-failure-policy,4,yes,concept
tasks_manage-daemon_create-daemon-set,4,yes,concept
tasks_manage-daemon_pods-some-nodes,2,yes,concept
tasks_manage-daemon_rollback-daemon-set,4,yes,concept
tasks_manage-daemon_update-daemon-set,9,yes,concept
tasks_manage-gpus_scheduling-gpus,5,yes,task
tasks_manage-hugepages_scheduling-hugepages,6,yes,task
tasks_manage-kubernetes-objects,0,no,
tasks_manage-kubernetes-objects_declarative-config,15,yes,concept
tasks_manage-kubernetes-objects_imperative-config,4,yes,concept
tasks_manage-kubernetes-objects_kustomization,12,yes,concept
tasks_manage-kubernetes-objects_storage-version-migration,7,yes,concept
tasks_network_customize-hosts-file-for-pods,4,yes,concept
tasks_network_extend-service-ip-ranges,5,yes,concept
tasks_network_reconfigure-default-service-ip-ranges,4,yes,concept
tasks_run-application,0,no,task
tasks_run-application_access-api-from-pod,4,yes,concept
tasks_run-application_delete-stateful-set,4,yes,concept
tasks_run-application_force-delete-stateful-set-pod,3,yes,concept
tasks_run-application_horizontal-pod-autoscale-walkthrough,4,yes,concept
tasks_run-application_run-replicated-stateful-application,18,yes,task
tasks_run-application_run-stateless-application-deployment,4,yes,concept
tasks_run-application_scale-stateful-set,3,yes,concept
tasks_tls,0,no,
tasks_tls_certificate-issue-client-csr,6,yes,concept
tasks_tls_managing-tls-in-a-cluster,7,yes,concept
tasks_tools_install-kubectl-linux,6,yes,concept
tasks_tools_install-kubectl-macos,1,yes,concept
tasks_tools_install-kubectl-windows,2,yes,concept
test,0,no,
tutorials,0,no,tutorial
tutorials_cluster-management_install-use-dra,18,yes,tutorial
tutorials_cluster-management_namespaces-walkthrough,4,yes,concept
tutorials_cluster-management_provision-swap-memory,3,yes,concept
tutorials_configuration,0,no,
tutorials_configuration_updating-configuration-via-a-configmap,9,yes,concept
tutorials_hello-minikube,13,yes,tutorial
tutorials_kubernetes-basics,0,no,
tutorials_kubernetes-basics_create-cluster_cluster-intro,2,yes,concept
tutorials_kubernetes-basics_deploy-app,0,no,
tutorials_kubernetes-basics_deploy-app_deploy-intro,3,yes,concept
tutorials_kubernetes-basics_explore,0,no,
tutorials_kubernetes-basics_expose,3,yes,concept
tutorials_kubernetes-basics_expose_expose-intro,8,yes,tutorial
tutorials_kubernetes-basics_scale,0,no,
tutorials_kubernetes-basics_update_update-intro,4,yes,concept
tutorials_security,0,no,
tutorials_security_apparmor,6,yes,concept
tutorials_security_ns-level-pss,4,yes,concept
tutorials_services_connect-applications-service,7,yes,concept
tutorials_services_pods-and-endpoint-termination-flow,4,yes,concept
tutorials_services_source-ip,6,yes,concept
tutorials_stateful-application,0,no,
tutorials_stateful-application_basic-stateful-set,16,yes,concept
tutorials_stateful-application_cassandra,6,yes,concept
tutorials_stateful-application_mysql-wordpress-persistent-volume,6,yes,concept
tutorials_stateful-application_zookeeper,22,yes,tutorial
tutorials_stateless-application_expose-external-ip-address,5,yes,tutorial
